yxesjtgayfzwzic,4345789752
wzzdqtpafchybgu,1462470624
ktjkbxvnkulxwjz,3959141627
asznpwhcxnbbxmf,6801261412
ohvqpzzmvwpzhim,4243266785
accswuuvyermbhb,2536872782
wumjkuijzxpwidh,4535938635
flqzvjoevrpwrzp,1519472430
aksisxmaxyufnqq,8686189050
aoqdsnrvzmuazzx,5943786210
xhygfyepitltnjd,6129554684
dmwxjttnmlxwwct,6500087327
eqtbdbwlzsqhgbm,3522686857
biijhbxfhyitocz,1721321971
wecgnqtbboazfum,1742525734
xprhaydsaoyuhng,3167438762
twvcraopiflkjkz,7693179084
dfjaoyypnshtmhu,1573632741
tuznfblfbuhxaus,2611281351
elwizciglcaefte,8881967952
wrnbundjqimjqcr,9795396177
gzjbxnrrxdsyvmg,3465643101
bbfmiwohczaaozf,2341039938
kxkvtlpslpzlzzs,4257785197
xtopleyipzzwsof,8097454028
zusheifzfeefwdu,4447516619
djoownhrjhzpszr,4908192369
bsvluzslhhhkxoc,6858004624
elbaaalsqrapcuj,2510373334
ihdnracuzvogkak,1368453957
hbmuqxtfkqmrwjd,4485415974
ikmpsbpkbckxkui,6426889698
jldasgujynwligh,9550738975
qqhzuwgciyrmdcs,9723158411
weaguygsfvfnsvn,3066850318
jnnhbptltdaooak,3154423801
vjqateladweazol,7313414514
ursuoqnnvxyqdyj,4476563962
heeeccvnwxvwbpq,8307150508
xfhdahnieyfpwdx,6348571707
yhyrogmyvizfxrs,8537391283
ceuwhpxlixwixnk,1068476161
exefhuluwveeuft,5010041384
zhnzoalivpfgikb,2689226554
multaiszeexlwtf,7816725596
sulklqehkeghtjj,3732462502
lvknuheuhlmtkjs,9684245119
faalssuhgxplfqi,5570357521
rnkahlfhlzcgjvr,5260878676
bikhavnvrwhzter,7478099932
nzxasraabdsfcvt,2140656692
razbqbompupkmas,2922088911
vxgrfnyxhaxdwyh,9661388182
bzgrdriaphqqaif,6823352338
sjfjuiyifedesej,1032250078
swdkjogffrvaigv,9743070083
gqsklmgocgoxluc,6148572002
weldqtygzntejow,5655086630
maoakvgpupzlwii,4355544994
rmxmcgxktfogpoc,6583004600
fbbdbnnohyeovkg,5768204473
dswzptobhsmkgvf,8483169031
hkdpkaxtdpkyeog,5783786722
ihuakrczfjaptvn,8056202248
gbgnpfbgsrqccmh,7853347463
ogpomabkrnmlaoq,6913902494
empayxmntubkwmh,2112181628
gmoqrlsidixrkru,1639271215
ybbumtdhnmqvupv,6479878615
cvkdxtornkthzac,1156810931
qqsgmaesgynbtat,2036471400
goqvatvtykoidiq,2010223142
hpudyftyavjbxkf,5854077755
zrtbhvlfpohqtva,8982317904
loqzonrmzspwdhm,2273058512
higezonfcojcmtl,6287644396
sadhwgspjsmbhaj,7439532476
ujkxazlogwqrpor,7116003786
ztxdtctrlnlbbqb,1387534197
rtbhaqjmzckqkft,7188149269
tkgvmixwwhyjbei,1830811611
vgckcstlofjjsub,3763995025
lxsrbrrnkznpxas,3389659574
nkwukrjywhsldwc,9413204170
qllftxqsygkwywo,8071145912
xokbjlzxhegkrxu,6991575055
rmfddxvegqxzyoh,1575590611
oydejepefrtbyoz,8209529860
kzpxpaqorkufmhm,5992322834
wlqndgqufswkjoy,8722773557
lwdkxalwbvxfzxe,9299670442
quxdlrxfnjweaxx,5936724036
ybdevsaxbbhrdjx,2816928878
dtzipootbmjrrmc,8365978482
djunhqdqizceyqx,4782473418
hffwarxurstdecn,4264486953
fupigruhgcerulx,7768389501
khjjfcxyyrzwkur,5616977448
slymraowxywfmqy,3127271816
ipfacceqpyzqqic,2238002831
